<keymap version="1" name="Default for XWin copy" parent="Default for XWin">
  <action id="ActivateChangesToolWindow">
    <keyboard-shortcut first-keystroke="alt 9" />
    <keyboard-shortcut first-keystroke="alt #10000c7" />
  </action>
  <action id="ActivateDebugToolWindow">
    <keyboard-shortcut first-keystroke="alt 5" />
    <keyboard-shortcut first-keystroke="alt left_parenthesis" />
  </action>
  <action id="ActivateFindToolWindow">
    <keyboard-shortcut first-keystroke="alt 3" />
    <keyboard-shortcut first-keystroke="alt quotedbl" />
  </action>
  <action id="ActivateHierarchyToolWindow">
    <keyboard-shortcut first-keystroke="alt 8" />
    <keyboard-shortcut first-keystroke="alt underscore" />
  </action>
  <action id="ActivateProjectToolWindow">
    <keyboard-shortcut first-keystroke="alt 1" />
    <keyboard-shortcut first-keystroke="alt ampersand" />
  </action>
  <action id="ActivateRunToolWindow">
    <keyboard-shortcut first-keystroke="alt 4" />
    <keyboard-shortcut first-keystroke="alt quote" />
  </action>
  <action id="ActivateStructureToolWindow">
    <keyboard-shortcut first-keystroke="alt 7" />
    <keyboard-shortcut first-keystroke="alt #10000e8" />
  </action>
  <action id="ActivateVersionControlToolWindow">
    <keyboard-shortcut first-keystroke="alt 9" />
    <keyboard-shortcut first-keystroke="alt #10000c7" />
  </action>
  <action id="Annotate">
    <keyboard-shortcut first-keystroke="f1" />
  </action>
  <action id="CollapseAll">
    <keyboard-shortcut first-keystroke="ctrl subtract" />
  </action>
  <action id="CollapseAllRegions">
    <keyboard-shortcut first-keystroke="shift ctrl subtract" />
  </action>
  <action id="CollapseRegion">
    <keyboard-shortcut first-keystroke="ctrl subtract" />
  </action>
  <action id="CommentByBlockComment">
    <keyboard-shortcut first-keystroke="shift ctrl slash" />
    <keyboard-shortcut first-keystroke="shift ctrl divide" />
    <keyboard-shortcut first-keystroke="shift ctrl colon" />
  </action>
  <action id="CommentByLineComment">
    <keyboard-shortcut first-keystroke="ctrl slash" />
    <keyboard-shortcut first-keystroke="ctrl divide" />
    <keyboard-shortcut first-keystroke="ctrl colon" />
  </action>
  <action id="Compare.SameVersion">
    <keyboard-shortcut first-keystroke="shift ctrl d" />
  </action>
  <action id="ContextHelp" />
  <action id="Diff.ShowSettingsPopup" />
  <action id="GotoBookmark0">
    <keyboard-shortcut first-keystroke="ctrl 0" />
    <keyboard-shortcut first-keystroke="ctrl #10000e0" />
  </action>
  <action id="GotoBookmark1">
    <keyboard-shortcut first-keystroke="ctrl 1" />
    <keyboard-shortcut first-keystroke="ctrl ampersand" />
  </action>
  <action id="GotoBookmark2">
    <keyboard-shortcut first-keystroke="ctrl 2" />
    <keyboard-shortcut first-keystroke="ctrl #10000e9" />
  </action>
  <action id="GotoBookmark3">
    <keyboard-shortcut first-keystroke="ctrl 3" />
    <keyboard-shortcut first-keystroke="ctrl quotedbl" />
  </action>
  <action id="GotoBookmark4">
    <keyboard-shortcut first-keystroke="ctrl 4" />
    <keyboard-shortcut first-keystroke="ctrl quote" />
  </action>
  <action id="GotoBookmark5">
    <keyboard-shortcut first-keystroke="ctrl 5" />
    <keyboard-shortcut first-keystroke="ctrl left_parenthesis" />
  </action>
  <action id="GotoBookmark6">
    <keyboard-shortcut first-keystroke="ctrl 6" />
    <keyboard-shortcut first-keystroke="ctrl minus" />
  </action>
  <action id="GotoBookmark7">
    <keyboard-shortcut first-keystroke="ctrl 7" />
    <keyboard-shortcut first-keystroke="ctrl #10000e8" />
  </action>
  <action id="GotoBookmark8">
    <keyboard-shortcut first-keystroke="ctrl 8" />
    <keyboard-shortcut first-keystroke="ctrl underscore" />
  </action>
  <action id="GotoBookmark9">
    <keyboard-shortcut first-keystroke="ctrl 9" />
    <keyboard-shortcut first-keystroke="ctrl #10000c7" />
  </action>
  <action id="Images.Editor.ToggleGrid" />
  <action id="MaximizeToolWindow" />
  <action id="SwitchApply">
    <keyboard-shortcut first-keystroke="shift alt enter" />
  </action>
  <action id="SwitchDown">
    <keyboard-shortcut first-keystroke="shift alt down" />
  </action>
  <action id="SwitchLeft">
    <keyboard-shortcut first-keystroke="shift alt left" />
  </action>
  <action id="SwitchRight">
    <keyboard-shortcut first-keystroke="shift alt right" />
  </action>
  <action id="SwitchUp">
    <keyboard-shortcut first-keystroke="shift alt up" />
  </action>
  <action id="TagDocumentationNavigation" />
  <action id="ToggleBookmark0">
    <keyboard-shortcut first-keystroke="shift ctrl 0" />
    <keyboard-shortcut first-keystroke="shift ctrl #10000e0" />
  </action>
  <action id="ToggleBookmark1">
    <keyboard-shortcut first-keystroke="shift ctrl 1" />
    <keyboard-shortcut first-keystroke="shift ctrl ampersand" />
  </action>
  <action id="ToggleBookmark2">
    <keyboard-shortcut first-keystroke="shift ctrl 2" />
    <keyboard-shortcut first-keystroke="shift ctrl #10000e9" />
  </action>
  <action id="ToggleBookmark3">
    <keyboard-shortcut first-keystroke="shift ctrl 3" />
    <keyboard-shortcut first-keystroke="shift ctrl quotedbl" />
  </action>
  <action id="ToggleBookmark4">
    <keyboard-shortcut first-keystroke="shift ctrl 4" />
    <keyboard-shortcut first-keystroke="shift ctrl quote" />
  </action>
  <action id="ToggleBookmark5">
    <keyboard-shortcut first-keystroke="shift ctrl 5" />
    <keyboard-shortcut first-keystroke="shift ctrl left_parenthesis" />
  </action>
  <action id="ToggleBookmark6">
    <keyboard-shortcut first-keystroke="shift ctrl 6" />
    <keyboard-shortcut first-keystroke="shift ctrl minus" />
  </action>
  <action id="ToggleBookmark7">
    <keyboard-shortcut first-keystroke="shift ctrl 7" />
    <keyboard-shortcut first-keystroke="shift ctrl #10000e8" />
  </action>
  <action id="ToggleBookmark8">
    <keyboard-shortcut first-keystroke="shift ctrl 8" />
    <keyboard-shortcut first-keystroke="shift ctrl underscore" />
  </action>
  <action id="ToggleBookmark9">
    <keyboard-shortcut first-keystroke="shift ctrl 9" />
    <keyboard-shortcut first-keystroke="shift ctrl #10000c7" />
  </action>
  <action id="Uml.ShowDiff" />
  <action id="UpdateRunningApplication" />
  <action id="android.deploy.ApplyChanges">
    <keyboard-shortcut first-keystroke="ctrl f10" />
  </action>
  <action id="android.deploy.CodeSwap">
    <keyboard-shortcut first-keystroke="ctrl alt f10" />
  </action>
</keymap>