<code_scheme name="aboivin" version="173">
  <option name="CLASS_COUNT_TO_USE_IMPORT_ON_DEMAND" value="99999" />
  <option name="NAMES_COUNT_TO_USE_IMPORT_ON_DEMAND" value="999999" />
  <option name="IMPORT_LAYOUT_TABLE">
    <value>
      <package name="java" withSubpackages="true" static="true" />
      <package name="javax" withSubpackages="true" static="true" />
      <package name="org" withSubpackages="true" static="true" />
      <package name="com" withSubpackages="false" static="true" />
      <package name="" withSubpackages="true" static="true" />
      <package name="java" withSubpackages="true" static="false" />
      <package name="javax" withSubpackages="true" static="false" />
      <package name="org" withSubpackages="true" static="false" />
      <package name="com" withSubpackages="true" static="false" />
      <package name="" withSubpackages="true" static="false" />
    </value>
  </option>
  <JavaCodeStyleSettings>
    <option name="CLASS_COUNT_TO_USE_IMPORT_ON_DEMAND" value="99999" />
    <option name="NAMES_COUNT_TO_USE_IMPORT_ON_DEMAND" value="999999" />
    <option name="IMPORT_LAYOUT_TABLE">
      <value>
        <package name="java" withSubpackages="true" static="true" />
        <package name="javax" withSubpackages="true" static="true" />
        <package name="org" withSubpackages="true" static="true" />
        <package name="com" withSubpackages="false" static="true" />
        <package name="" withSubpackages="true" static="true" />
        <package name="java" withSubpackages="true" static="false" />
        <package name="javax" withSubpackages="true" static="false" />
        <package name="org" withSubpackages="true" static="false" />
        <package name="com" withSubpackages="true" static="false" />
        <package name="" withSubpackages="true" static="false" />
      </value>
    </option>
  </JavaCodeStyleSettings>
  <TypeScriptCodeStyleSettings version="0">
    <option name="USE_DOUBLE_QUOTES" value="false" />
    <option name="FORCE_QUOTE_STYlE" value="true" />
  </TypeScriptCodeStyleSettings>
  <XML>
    <option name="XML_LEGACY_SETTINGS_IMPORTED" value="true" />
  </XML>
  <codeStyleSettings language="JAVA">
    <option name="ALIGN_MULTILINE_CHAINED_METHODS" value="true" />
    <option name="ALIGN_MULTILINE_PARAMETERS_IN_CALLS" value="true" />
    <option name="ALIGN_MULTILINE_THROWS_LIST" value="true" />
    <option name="SPACE_BEFORE_SYNCHRONIZED_PARENTHESES" value="false" />
  </codeStyleSettings>
  <codeStyleSettings language="kotlin">
    <option name="ALIGN_MULTILINE_PARAMETERS_IN_CALLS" value="true" />
    <option name="ALIGN_MULTILINE_BINARY_OPERATION" value="true" />
    <option name="ALIGN_MULTILINE_EXTENDS_LIST" value="true" />
    <option name="ALIGN_MULTILINE_METHOD_BRACKETS" value="true" />
  </codeStyleSettings>
</code_scheme>