<application>
  <component name="libraryTable">
    <library name="Python 2.7.10 (/usr/bin/python2.7) interpreter library">
      <CLASSES>
        <root url="file:///usr/lib/python2.7" />
        <root url="file:///usr/lib/python2.7/plat-x86_64-linux-gnu" />
        <root url="file:///usr/lib/python2.7/lib-tk" />
        <root url="file:///usr/lib/python2.7/lib-dynload" />
        <root url="file:///usr/local/lib/python2.7/dist-packages" />
        <root url="file:///usr/lib/python2.7/dist-packages" />
        <root url="file:///usr/lib/python2.7/dist-packages/PILcompat" />
        <root url="file:///usr/lib/python2.7/dist-packages/gtk-2.0" />
        <root url="file:///usr/lib/python2.7/dist-packages/ubuntu-sso-client" />
        <root url="file://$APPLICATION_PLUGINS_DIR$/python/helpers/python-skeletons" />
        <root url="file://$USER_HOME$/.IntelliJIdea14/system/python_stubs/-1247972723" />
      </CLASSES>
      <JAVADOC />
      <SOURCES>
        <root url="file:///usr/lib/python2.7" />
        <root url="file:///usr/lib/python2.7/plat-x86_64-linux-gnu" />
        <root url="file:///usr/lib/python2.7/lib-tk" />
        <root url="file:///usr/lib/python2.7/lib-dynload" />
        <root url="file:///usr/local/lib/python2.7/dist-packages" />
        <root url="file:///usr/lib/python2.7/dist-packages" />
        <root url="file:///usr/lib/python2.7/dist-packages/PILcompat" />
        <root url="file:///usr/lib/python2.7/dist-packages/gtk-2.0" />
        <root url="file:///usr/lib/python2.7/dist-packages/ubuntu-sso-client" />
        <root url="file://$APPLICATION_PLUGINS_DIR$/python/helpers/python-skeletons" />
        <root url="file://$USER_HOME$/.IntelliJIdea14/system/python_stubs/-1247972723" />
      </SOURCES>
    </library>
  </component>
</application>